Timestamp,Customer_ID,kWh_Used,Temperature (°C)
2026-07-13 00:00:00,CUST-102,0.69,21.2
2026-07-13 01:00:00,CUST-102,0.62,21.2
2026-07-13 02:00:00,CUST-102,0.62,21.0
2026-07-13 03:00:00,CUST-102,0.54,20.5
2026-07-13 04:00:00,CUST-102,0.57,20.4
2026-07-13 05:00:00,CUST-102,0.78,20.6
2026-07-13 06:00:00,CUST-102,1.09,22.0
2026-07-13 07:00:00,CUST-102,1.56,23.0
2026-07-13 08:00:00,CUST-102,1.77,25.2
2026-07-13 09:00:00,CUST-102,1.8,27.0
2026-07-13 10:00:00,CUST-102,2.22,28.3
2026-07-13 11:00:00,CUST-102,2.22,30.3
2026-07-13 12:00:00,CUST-102,2.48,30.7
2026-07-13 13:00:00,CUST-102,2.53,32.1
2026-07-13 14:00:00,CUST-102,2.9,32.6
2026-07-13 15:00:00,CUST-102,3.11,32.4
2026-07-13 16:00:00,CUST-102,3.44,32.0
2026-07-13 17:00:00,CUST-102,3.73,31.6
2026-07-13 18:00:00,CUST-102,4.43,30.1
2026-07-13 19:00:00,CUST-102,4.1,28.2
2026-07-13 20:00:00,CUST-102,3.2,26.1
2026-07-13 21:00:00,CUST-102,2.66,24.6
2026-07-13 22:00:00,CUST-102,1.96,23.3
2026-07-13 23:00:00,CUST-102,1.3,22.5
2026-07-14 00:00:00,CUST-102,0.73,20.4
2026-07-14 01:00:00,CUST-102,0.63,20.5
2026-07-14 02:00:00,CUST-102,0.61,20.0
2026-07-14 03:00:00,CUST-102,0.55,19.9
2026-07-14 04:00:00,CUST-102,0.59,19.7
2026-07-14 05:00:00,CUST-102,0.84,20.3
2026-07-14 06:00:00,CUST-102,1.16,21.2
2026-07-14 07:00:00,CUST-102,1.64,22.6
2026-07-14 08:00:00,CUST-102,1.67,23.7
2026-07-14 09:00:00,CUST-102,1.89,25.7
2026-07-14 10:00:00,CUST-102,2.05,27.9
2026-07-14 11:00:00,CUST-102,2.49,28.9
2026-07-14 12:00:00,CUST-102,2.61,30.1
2026-07-14 14:00:00,CUST-102,2.74,31.3
2026-07-14 15:00:00,CUST-102,3.03,31.4
2026-07-14 16:00:00,CUST-102,3.24,31.6
2026-07-14 17:00:00,CUST-102,3.64,30.3
2026-07-14 18:00:00,CUST-102,4.7,29.0
2026-07-14 19:00:00,CUST-102,3.78,26.8
2026-07-14 20:00:00,CUST-102,3.23,25.6
2026-07-14 21:00:00,CUST-102,2.88,24.0
2026-07-14 22:00:00,CUST-102,1.91,22.7
2026-07-14 23:00:00,CUST-102,1.46,21.6
2026-07-15 00:00:00,CUST-102,0.79,22.0
2026-07-15 01:00:00,CUST-102,0.67,22.2
2026-07-15 02:00:00,CUST-102,0.6,21.5
2026-07-15 03:00:00,CUST-102,0.59,21.2
2026-07-15 04:00:00,CUST-102,0.61,21.6
2026-07-15 05:00:00,CUST-102,0.84,22.3
2026-07-15 06:00:00,CUST-102,1.11,22.9
2026-07-15 07:00:00,CUST-102,1.47,24.5
2026-07-15 08:00:00,CUST-102,1.85,25.8
2026-07-15 09:00:00,CUST-102,1.99,27.8
2026-07-15 10:00:00,CUST-102,2.03,29.6
2026-07-15 11:00:00,CUST-102,2.36,31.1
2026-07-15 12:00:00,CUST-102,2.56,31.6
2026-07-15 13:00:00,CUST-102,2.62,32.4
2026-07-15 14:00:00,CUST-102,3.05,33.6
2026-07-15 15:00:00,CUST-102,3.16,33.3
2026-07-15 16:00:00,CUST-102,2.97,33.4
2026-07-15 17:00:00,CUST-102,3.96,32.0
2026-07-15 18:00:00,CUST-102,4.34,30.5
2026-07-15 19:00:00,CUST-102,4.22,29.2
2026-07-15 20:00:00,CUST-102,3.24,27.3
2026-07-15 21:00:00,CUST-102,2.77,25.7
2026-07-15 22:00:00,CUST-102,2.17,24.6
2026-07-15 23:00:00,CUST-102,1.29,23.4
2026-07-16 00:00:00,CUST-102,0.71,21.5
2026-07-16 01:00:00,CUST-102,0.7,21.4
2026-07-16 02:00:00,CUST-102,0.59,21.0
2026-07-16 03:00:00,CUST-102,0.54,20.6
2026-07-16 04:00:00,CUST-102,0.6,21.0
2026-07-16 05:00:00,CUST-102,0.75,21.1
2026-07-16 06:00:00,CUST-102,1.07,22.3
2026-07-16 07:00:00,CUST-102,1.48,23.8
2026-07-16 08:00:00,CUST-102,1.85,24.8
2026-07-16 09:00:00,CUST-102,1.87,27.1
2026-07-16 09:00:00,CUST-102,1.87,27.1
2026-07-16 10:00:00,CUST-102,2.05,28.4
2026-07-16 11:00:00,CUST-102,2.51,30.2
2026-07-16 12:00:00,CUST-102,2.54,31.5
2026-07-16 13:00:00,CUST-102,2.83,31.8
2026-07-16 14:00:00,CUST-102,2.67,32.5
2026-07-16 15:00:00,CUST-102,2.96,32.7
2026-07-16 16:00:00,CUST-102,3.32,32.5
2026-07-16 17:00:00,CUST-102,3.99,31.3
2026-07-16 18:00:00,CUST-102,4.28,30.0
2026-07-16 19:00:00,CUST-102,4.28,28.1
2026-07-16 20:00:00,CUST-102,3.28,26.5
2026-07-16 21:00:00,CUST-102,2.72,25.0
2026-07-16 22:00:00,CUST-102,1.97,24.2
2026-07-16 23:00:00,CUST-102,1.34,
2026-07-17 00:00:00,CUST-102,0.7,21.6
2026-07-17 01:00:00,CUST-102,0.68,21.1
2026-07-17 02:00:00,CUST-102,0.64,20.7
2026-07-17 03:00:00,CUST-102,0.55,20.2
2026-07-17 04:00:00,CUST-102,0.59,20.3
2026-07-17 05:00:00,CUST-102,0.72,20.7
2026-07-17 06:00:00,CUST-102,1.24,21.5
2026-07-17 07:00:00,CUST-102,1.62,22.9
2026-07-17 08:00:00,CUST-102,1.73,25.0
2026-07-17 09:00:00,CUST-102,2.1,26.5
2026-07-17 10:00:00,CUST-102,2.23,27.9
2026-07-17 11:00:00,CUST-102,2.27,30.0
2026-07-17 12:00:00,CUST-102,2.58,30.8
2026-07-17 13:00:00,CUST-102,2.81,31.2
2026-07-17 14:00:00,CUST-102,18.75,32.1
2026-07-17 15:00:00,CUST-102,3.17,31.9
2026-07-17 16:00:00,CUST-102,3.44,31.5
2026-07-17 17:00:00,CUST-102,3.51,31.1
2026-07-17 18:00:00,CUST-102,4.47,29.3
2026-07-17 19:00:00,CUST-102,3.8,28.1
2026-07-17 20:00:00,CUST-102,3.31,26.1
2026-07-17 21:00:00,CUST-102,2.8,24.6
2026-07-17 22:00:00,CUST-102,2.08,23.4
2026-07-17 23:00:00,CUST-102,1.44,21.9
2026-07-18 00:00:00,CUST-102,0.75,21.6
2026-07-18 01:00:00,CUST-102,0.7,21.1
2026-07-18 02:00:00,CUST-102,0.61,21.2
2026-07-18 03:00:00,CUST-102,0.57,20.7
2026-07-18 04:00:00,CUST-102,0.7,21.2
2026-07-18 05:00:00,CUST-102,0.76,21.0
2026-07-18 06:00:00,CUST-102,1.16,22.5
2026-07-18 07:00:00,CUST-102,1.73,23.8
2026-07-18 08:00:00,CUST-102,2.07,24.9
2026-07-18 09:00:00,CUST-102,2.48,27.1
2026-07-18 10:00:00,CUST-102,2.64,29.0
2026-07-18 11:00:00,CUST-102,2.91,29.8
2026-07-18 12:00:00,CUST-102,3.24,31.1
2026-07-18 13:00:00,CUST-102,3.35,32.4
2026-07-18 14:00:00,CUST-102,3.24,32.2
2026-07-18 15:00:00,CUST-102,3.39,32.7
2026-07-18 16:00:00,CUST-102,3.72,32.4
2026-07-18 17:00:00,CUST-102,4.62,31.3
2026-07-18 18:00:00,CUST-102,5.37,29.9
2026-07-18 19:00:00,CUST-102,4.88,28.6
2026-07-18 20:00:00,CUST-102,4.4,26.2
2026-07-18 21:00:00,CUST-102,3.28,25.0
2026-07-18 22:00:00,CUST-102,-0.3,24.1
2026-07-18 23:00:00,CUST-102,1.45,22.5
2026-07-19 00:00:00,CUST-102,0.79,21.7
2026-07-19 01:00:00,CUST-102,0.63,21.0
2026-07-19 02:00:00,CUST-102,0.67,21.3
2026-07-19 03:00:00,CUST-102,0.61,21.1
2026-07-19 04:00:00,CUST-102,0.66,20.6
2026-07-19 05:00:00,CUST-102,0.77,21.2
2026-07-19 06:00:00,CUST-102,1.28,22.5
2026-07-19 07:00:00,CUST-102,1.72,23.8
2026-07-19 08:00:00,CUST-102,2.02,25.0
2026-07-19 09:00:00,CUST-102,2.2,27.2
2026-07-19 10:00:00,CUST-102,2.76,28.6
2026-07-19 11:00:00,CUST-102,2.89,29.9
2026-07-19 12:00:00,CUST-102,3.29,31.6
2026-07-19 13:00:00,CUST-102,3.51,32.4
2026-07-19 14:00:00,CUST-102,3.65,32.2
2026-07-19 15:00:00,CUST-102,3.76,32.6
2026-07-19 16:00:00,CUST-102,4.13,32.7
2026-07-19 17:00:00,CUST-102,4.73,31.9
2026-07-19 18:00:00,CUST-102,5.06,30.4
2026-07-19 19:00:00,CUST-102,4.58,28.6
2026-07-19 20:00:00,CUST-102,4.4,26.4
2026-07-19 21:00:00,CUST-102,3.49,25.2
2026-07-19 22:00:00,CUST-102,2.4,24.2
2026-07-19 23:00:00,CUST-102,1.36,22.3
